V1,V2,V3,V4,V5,V6,V7,V8,V9,V10,Q2,Q16,Q4_1,Q4_2,Q4_3,Q4_4,Q4_5,Q4_6,Q4_7,Q4_8,Q4_9,Q4_10,Q4_11,Q15,Q6,Q7,Q20,Q21,Q22,Q23,Q37,Q19_1,Q19_2,Q19_3,Q19_4,Q19_5,Q19_6,Q19_7,Q19_8,Q19_9,Q19_10,Q19_11,Q20,Q21,Q22,Q24,Q25,Q26,Q27,Q38,Q24_1,Q24_2,Q24_3,Q24_4,Q24_5,Q24_6,Q24_7,Q24_8,Q24_9,Q24_10,Q24_11,Q25,Q26,Q27,Q28,Q29,Q31,Q32,Q39,Q29_1,Q29_2,Q29_3,Q29_4,Q29_5,Q29_6,Q29_7,Q29_8,Q29_9,Q29_10,Q29_11,Q30,Q31,Q32,Q33,Q34,Q35,Q36,Q40,Q19,LocationLatitude,LocationLongitude,LocationAccuracy
ResponseID,ResponseSet,Name,ExternalDataReference,EmailAddress,IPAddress,Status,StartDate,EndDate,Finished,PLEASE INSERT YOUR STUDY / ID before continuing:,What platform did you just experience? ,The first movie trailer you viewed was The Fault in Our Stars /  Read each item and then mark the a...-irritable,The first movie trailer you viewed was The Fault in Our Stars /  Read each item and then mark the a...-happy,The first movie trailer you viewed was The Fault in Our Stars /  Read each item and then mark the a...-bored,The first movie trailer you viewed was The Fault in Our Stars /  Read each item and then mark the a...-moved,The first movie trailer you viewed was The Fault in Our Stars /  Read each item and then mark the a...-attentive,The first movie trailer you viewed was The Fault in Our Stars /  Read each item and then mark the a...-content,The first movie trailer you viewed was The Fault in Our Stars /  Read each item and then mark the a...-angry,The first movie trailer you viewed was The Fault in Our Stars /  Read each item and then mark the a...-sad,The first movie trailer you viewed was The Fault in Our Stars /  Read each item and then mark the a...-excited,The first movie trailer you viewed was The Fault in Our Stars /  Read each item and then mark the a...-upset,The first movie trailer you viewed was The Fault in Our Stars /  Read each item and then mark the a...-entertained,How much did you enjoy watching the clip The Fault in our Stars?,"Overall, how do you feel about The / Fault in our Stars?",How likely would you be to share The Fault in our Stars  movie trailer with a friend?,"At one point in the clip, the young man offers his girlfriend",Two of the scenes show the young male character wearing a suit and / tie. Was the tie,A scene shows the girl talking to one of her family members. Was / that,The last scene shows the couple,have you seen this ad/movie trailer before?,The second movie trailer you viewed was Get Hard /   /  Read each item and then mark the appropriate...-irritable,The second movie trailer you viewed was Get Hard /   /  Read each item and then mark the appropriate...-happy,The second movie trailer you viewed was Get Hard /   /  Read each item and then mark the appropriate...-bored,The second movie trailer you viewed was Get Hard /   /  Read each item and then mark the appropriate...-moved,The second movie trailer you viewed was Get Hard /   /  Read each item and then mark the appropriate...-attentive,The second movie trailer you viewed was Get Hard /   /  Read each item and then mark the appropriate...-content,The second movie trailer you viewed was Get Hard /   /  Read each item and then mark the appropriate...-angry,The second movie trailer you viewed was Get Hard /   /  Read each item and then mark the appropriate...-sad,The second movie trailer you viewed was Get Hard /   /  Read each item and then mark the appropriate...-excited,The second movie trailer you viewed was Get Hard /   /  Read each item and then mark the appropriate...-upset,The second movie trailer you viewed was Get Hard /   /  Read each item and then mark the appropriate...-entertained,How much did you enjoy watching the clip Get Hard?,"Overall, how do you feel about Get / Hard?",How likely would you be to share the Get Hard movie trailer with a friend?,At the beginning of the clip someone is handed the phone. Who is it,The movie release information was displayed at the top of the / screen. Was it officially released on,When Will Ferrell (the Caucasian character) first appears in the / trailer he is..,A scene shows a man and a woman fighting. Was the statement that / triggered the aggressive respons...,have you seen this ad/movie trailer before?,The third movie trailer you viewed was Entourage /   /  Read each item and then mark the appropriate...-irritable,The third movie trailer you viewed was Entourage /   /  Read each item and then mark the appropriate...-happy,The third movie trailer you viewed was Entourage /   /  Read each item and then mark the appropriate...-bored,The third movie trailer you viewed was Entourage /   /  Read each item and then mark the appropriate...-moved,The third movie trailer you viewed was Entourage /   /  Read each item and then mark the appropriate...-attentive,The third movie trailer you viewed was Entourage /   /  Read each item and then mark the appropriate...-content,The third movie trailer you viewed was Entourage /   /  Read each item and then mark the appropriate...-angry,The third movie trailer you viewed was Entourage /   /  Read each item and then mark the appropriate...-sad,The third movie trailer you viewed was Entourage /   /  Read each item and then mark the appropriate...-excited,The third movie trailer you viewed was Entourage /   /  Read each item and then mark the appropriate...-upset,The third movie trailer you viewed was Entourage /   /  Read each item and then mark the appropriate...-entertained,How much did you enjoy watching the clip Entourage?,"Overall, how do you feel / about Entourage?",How likely would you be to share the Entourage movie trailer with a friend?,One character in the trailer is shown from behind and you can see / his tattoo. The tattoo features,"At one point in the clip, a phone conversation happens between two / central characters. One person...",One scene shows a woman coming in a hospital bed rolling. Is she / suffering from,What was the amount of money that the was agreed upon as the limit / for the production of the movie?,have you seen this ad/movie trailer before?,The final ad you viewed was Victoria's Secret /   /  Read each item and then mark the appropriate ans...-irritable,The final ad you viewed was Victoria's Secret /   /  Read each item and then mark the appropriate ans...-happy,The final ad you viewed was Victoria's Secret /   /  Read each item and then mark the appropriate ans...-bored,The final ad you viewed was Victoria's Secret /   /  Read each item and then mark the appropriate ans...-moved,The final ad you viewed was Victoria's Secret /   /  Read each item and then mark the appropriate ans...-attentive,The final ad you viewed was Victoria's Secret /   /  Read each item and then mark the appropriate ans...-content,The final ad you viewed was Victoria's Secret /   /  Read each item and then mark the appropriate ans...-angry,The final ad you viewed was Victoria's Secret /   /  Read each item and then mark the appropriate ans...-sad,The final ad you viewed was Victoria's Secret /   /  Read each item and then mark the appropriate ans...-excited,The final ad you viewed was Victoria's Secret /   /  Read each item and then mark the appropriate ans...-upset,The final ad you viewed was Victoria's Secret /   /  Read each item and then mark the appropriate ans...-entertained,How much did you enjoy watching the clip from Victoria's Secret?,"Overall, how do you feel / about Victoria's Secret?",How likely would you be to share the Victoria's Secret ad with a friend?,The dance features in the clip shows woman wearing,The umbrella featured in the clip have,The last scene features,How many bras need to be purchased for the free umbrella?,have you seen this ad/movie trailer before?,This part of the study is now complete. /  Please inform the research assistant so that you may be...,LocationLatitude,LocationLongitude,LocationAccuracy
R_cu7yHLbG71rINUh,Default Response Set,Anonymous,,,134.173.78.1,0,4/21/2015 10:16,4/21/2015 10:20,1,FB001,2,1,2,2,2,2,2,1,2,2,1,2,3,4,2,,,,,,2,2,2,1,3,2,1,1,1,1,2,2,4,2,,,,,,2,1,3,1,1,1,2,2,1,3,1,1,2,1,,,,,,2,1,4,1,1,2,1,1,1,1,1,1,2,1,,,,,,1,34.12229919,-117.7142944,-1
R_eIGmh97zFsh3UGh,Default Response Set,Anonymous,,,134.173.78.1,0,4/21/2015 10:23,4/21/2015 10:33,1,FB001,1,1,2,3,2,2,2,1,1,1,1,2,2,4,2,,,,,,2,2,3,1,2,2,1,1,1,1,2,2,3,2,,,,,,3,1,3,1,2,1,2,1,1,1,1,1,2,2,,,,,,1,1,3,1,1,1,1,1,1,1,1,1,3,1,,,,,,1,34.12229919,-117.7142944,-1
R_9BkLvmKMRcbUT3f,Default Response Set,Anonymous,,,134.173.78.1,0,4/21/2015 11:06,4/21/2015 11:40,1,FB002,2,1,2,1,5,3,3,1,5,1,1,2,3,6,5,,,,,,1,3,1,1,3,3,1,1,2,1,3,4,6,6,,,,,,5,1,5,1,1,1,1,1,1,3,1,1,1,1,,,,,,5,1,5,1,1,1,1,1,1,3,1,1,1,1,,,,,,1,34.12229919,-117.7142944,-1
R_dhc0RAfgqs26MHX,Default Response Set,Anonymous,,,134.173.78.1,0,4/21/2015 11:47,4/21/2015 11:51,1,FB002,1,1,3,1,3,3,3,1,3,1,3,,3,5,6,,,,,,1,3,1,1,3,3,,1,1,,4,4,7,6,,,,,,5,1,1,1,1,1,1,,1,1,1,1,1,1,,,,,,5,1,5,1,1,1,1,1,1,5,1,1,1,1,,,,,,1,34.12229919,-117.7142944,-1
R_5alXEy793Sq99ul,Default Response Set,Anonymous,,,134.173.78.1,0,4/21/2015 12:39,4/21/2015 13:13,1,FB003,2,2,2,1,2,2,3,1,2,1,2,2,3,3,2,,,,,,1,3,2,1,4,3,1,1,4,1,3,3,3,2,,,,,,2,3,1,1,4,3,1,1,4,1,4,3,5,5,,,,,,2,2,2,1,3,1,2,2,2,2,1,2,3,1,,,,,,1,34.12229919,-117.7142944,-1
R_bygMStc3VknQ64R,Default Response Set,Anonymous,,,134.173.78.1,0,4/21/2015 13:13,4/21/2015 15:04,1,FB003,1,2,2,2,2,3,2,1,1,2,1,2,3,3,2,,,,,,1,4,1,1,4,4,1,1,4,1,4,3,5,5,,,,,,2,3,2,1,3,2,1,1,3,1,2,3,5,5,,,,,,3,1,4,1,2,1,1,1,1,2,2,2,3,1,,,,,,1,34.12229919,-117.7142944,-1
R_b40VPaK8ucEZiTz,Default Response Set,Anonymous,,,134.173.78.1,0,4/21/2015 15:04,4/21/2015 15:08,1,FB004,2,1,1,1,2,2,1,1,1,1,1,1,3,5,3,,,,,,1,2,1,1,2,1,1,1,2,1,2,3,6,5,,,,,,1,2,1,1,2,1,1,1,2,1,2,3,5,4,,,,,,1,2,1,1,2,1,1,1,2,1,2,3,6,4,,,,,,1,34.12229919,-117.7142944,-1
R_ey8v8m8jzaXG3g9,Default Response Set,Anonymous,,,134.173.78.1,0,4/21/2015 15:15,4/21/2015 16:00,1,FB004,1,2,1,1,2,1,1,1,2,1,1,1,2,5,3,,,,,,2,1,1,1,2,1,1,1,1,1,1,3,6,4,,,,,,2,1,1,1,2,1,1,1,2,1,2,3,6,5,,,,,,2,1,2,,1,1,1,1,2,1,,3,5,4,,,,,,1,34.12229919,-117.7142944,-1
R_a32mPJON4Goh00t,Default Response Set,Anonymous,,,134.173.78.1,0,4/21/2015 16:00,4/21/2015 16:17,1,FB005,2,1,3,1,2,4,4,1,2,3,1,4,3,6,5,1,2,2,3,,1,3,1,1,4,,1,1,3,1,4,3,5,5,3,2,2,2,,1,2,1,2,3,3,1,1,3,1,4,3,5,5,1,3,3,1,,1,1,2,1,2,2,1,1,2,1,2,2,4,4,1,2,2,1,,1,34.12229919,-117.7142944,-1
R_3WQPZp2WSRjaIVn,Default Response Set,Anonymous,,,134.173.78.1,0,4/21/2015 16:17,4/21/2015 17:06,1,FB005,1,1,,4,3,4,4,1,2,2,2,4,4,6,6,3,2,2,2,,1,3,1,1,4,4,1,1,3,1,4,3,5,5,3,2,2,2,,1,2,1,,3,3,1,1,2,1,4,3,5,5,1,3,3,1,,1,2,2,1,3,2,1,1,1,1,2,3,5,4,1,2,2,1,,1,34.12229919,-117.7142944,-1
R_bDZVSqbC0ge30vb,Default Response Set,Anonymous,,,134.173.78.1,0,4/21/2015 17:06,4/21/2015 17:23,1,FB006,2,1,4,1,4,4,3,1,2,2,1,4,4,6,5,3,2,1,2,,4,1,2,1,2,1,3,1,1,2,1,1,2,1,3,2,2,2,,3,1,2,1,2,1,2,1,1,2,1,2,2,1,3,3,3,1,,1,3,1,1,4,3,1,1,4,1,3,3,5,4,2,2,2,1,,1,34.12229919,-117.7142944,-1
R_bKixB8Q1yZQ2QAZ,Default Response Set,Anonymous,,,134.173.78.1,0,4/21/2015 17:23,4/21/2015 17:32,1,FB006,1,1,4,1,3,4,3,1,2,3,1,4,4,6,5,3,2,1,2,,3,1,2,1,2,2,2,1,1,2,1,1,2,2,3,2,2,2,,2,1,2,1,2,1,2,1,2,2,2,2,3,2,1,3,3,1,,1,3,1,1,4,3,1,1,3,1,3,3,5,3,1,2,2,1,,1,34.12229919,-117.7142944,-1
R_6mv7Vw4pZLDHFA1,Default Response Set,Anonymous,,,134.173.78.1,0,4/21/2015 17:48,4/21/2015 18:28,1,FB007,2,1,2,1,2,2,2,1,1,1,1,2,3,5,1,3,2,1,2,,1,2,1,1,2,2,1,1,2,1,2,3,5,4,3,3,2,2,,1,3,1,1,4,2,1,1,3,1,3,4,6,5,1,3,3,1,,1,2,1,1,4,3,1,1,3,1,3,3,5,3,1,2,2,1,,1,34.12229919,-117.7142944,-1
R_1FawVuQ0zcxdAbP,Default Response Set,Anonymous,,,134.173.78.1,0,4/21/2015 18:28,4/21/2015 18:37,1,FB007,1,1,2,1,2,3,2,1,1,1,1,2,3,5,3,3,2,1,2,,1,2,1,1,2,2,1,1,2,1,2,3,5,4,3,2,2,2,,1,2,1,1,4,2,1,1,3,1,4,4,7,6,1,3,3,1,,1,2,1,1,4,3,1,1,2,1,4,4,6,4,1,2,2,1,,1,34.12229919,-117.7142944,-1
R_72HhF6KMiBxa4nj,Default Response Set,Anonymous,,,134.173.78.1,0,4/21/2015 19:20,4/21/2015 20:22,1,FB008,2,2,2,2,2,2,2,2,2,2,1,2,2,4,1,1,3,1,1,,1,2,1,1,3,2,1,1,2,1,3,3,5,5,3,2,2,2,,3,2,4,1,3,2,2,1,2,2,3,2,2,2,3,3,3,1,,2,1,2,1,2,1,1,1,1,1,2,2,3,1,1,2,1,1,,1,34.12229919,-117.7142944,-1
R_0JOcMbnlNMGgkxD,Default Response Set,Anonymous,,,134.173.78.1,0,4/21/2015 20:22,4/21/2015 20:27,1,FB008,1,2,2,2,2,2,2,2,2,2,2,2,1,2,1,1,2,3,2,,1,2,1,2,3,2,1,1,2,1,3,3,5,5,3,2,2,2,,2,1,2,1,2,1,1,2,3,1,3,2,2,2,1,3,3,1,,2,1,2,1,1,1,1,2,1,1,2,2,2,2,1,2,2,1,,1,34.12229919,-117.7142944,-1
R_8ch0E0mWkcj0LNb,Default Response Set,Anonymous,,,134.173.248.4,0,4/22/2015 10:03,4/22/2015 10:14,1,FB009,2,3,3,4,2,2,1,2,1,1,2,1,2,3,2,1,3,1,1,1,2,1,4,1,2,1,2,1,1,2,1,2,2,2,3,3,2,2,4,4,1,4,1,2,1,3,1,1,3,1,2,2,,1,3,3,1,4,3,2,4,1,3,1,3,1,1,3,1,2,2,3,1,2,2,1,2,1,34.12229919,-117.7142944,-1
R_5o1rpblmBQrunit,Default Response Set,Anonymous,,,134.173.248.4,0,4/22/2015 10:15,4/22/2015 10:24,1,FB009,1,4,1,4,1,3,1,3,1,1,4,1,2,2,2,3,2,1,2,2,4,1,4,1,2,1,3,,1,3,1,2,2,2,3,1,1,,5,4,1,3,1,3,1,4,1,1,2,1,2,2,2,1,3,3,1,5,4,1,3,1,3,1,3,1,1,3,1,2,2,2,1,2,2,1,2,1,34.12229919,-117.7142944,-1
R_5bdD4gNLwTIXgax,Default Response Set,Anonymous,,,134.173.248.4,0,4/22/2015 15:08,4/22/2015 15:20,1,FB011,2,1,5,1,4,5,5,1,2,4,2,5,4,7,7,3,2,1,2,2,2,3,1,1,4,3,1,1,2,1,2,3,4,2,1,2,1,2,5,2,3,1,1,4,3,1,1,3,1,4,3,5,4,1,3,3,1,4,1,2,1,1,3,3,1,1,2,1,4,3,6,5,1,2,2,1,1,1,34.12229919,-117.7142944,-1
R_b2XeEZJt8WHCkhD,Default Response Set,Anonymous,,,134.173.248.4,0,4/22/2015 15:22,4/22/2015 15:38,1,FB011,1,1,5,1,4,4,4,1,3,5,2,5,4,7,7,3,2,1,2,2,2,2,1,1,4,3,1,1,2,1,3,3,3,3,1,2,2,2,5,2,3,1,1,4,3,1,1,3,1,3,2,4,4,1,3,3,1,5,1,4,1,1,4,3,1,1,3,1,4,3,6,5,1,2,2,1,2,1,34.12229919,-117.7142944,-1
R_2o7SSoKvo36gAYZ,Default Response Set,Anonymous,,,134.173.248.4,0,4/22/2015 16:21,4/22/2015 16:28,1,FB012,2,2,5,2,3,5,5,1,2,1,1,4,3,6,2,3,2,1,2,2,5,1,3,1,3,1,4,2,2,2,3,1,2,1,3,2,2,2,4,1,3,2,1,4,2,1,1,2,1,4,3,3,1,1,3,3,1,4,2,2,3,1,2,1,1,1,3,1,2,2,4,1,1,2,2,1,1,1,34.12229919,-117.7142944,-1
R_eX2crBifKFCNPIF,Default Response Set,Anonymous,,,134.173.248.4,0,4/22/2015 16:29,4/22/2015 17:39,1,FB012,1,1,4,2,1,3,4,1,2,4,1,3,3,6,2,3,2,1,2,2,4,1,3,1,2,1,2,1,3,1,2,1,2,1,3,2,2,2,5,2,1,2,1,4,2,1,1,3,1,2,2,3,1,2,3,3,1,5,2,3,2,1,3,1,1,1,3,1,2,2,4,1,1,2,2,1,2,1,34.12229919,-117.7142944,-1
R_1Okvn1hkOXh4QuN,Default Response Set,Anonymous,,,134.173.248.4,0,4/22/2015 17:39,4/22/2015 17:44,1,FB013,2,1,3,2,3,3,3,1,2,1,2,3,3,6,3,3,2,1,1,1,2,1,3,1,2,3,1,1,1,2,2,2,2,1,3,1,2,2,4,1,3,1,1,3,3,1,1,1,1,3,3,4,1,1,3,3,2,4,2,2,2,1,3,2,1,,2,1,3,3,6,1,1,2,2,1,1,1,34.12229919,-117.7142944,-1
R_6x12whshWiwLGCN,Default Response Set,Anonymous,,,134.173.248.4,0,4/22/2015 17:48,4/22/2015 20:37,1,FB015,2,2,3,2,2,2,1,1,1,2,1,2,2,5,2,3,3,1,2,1,1,2,1,1,3,1,1,1,3,1,2,3,5,3,3,3,2,2,5,1,4,1,1,3,2,1,1,4,1,4,4,6,4,1,3,1,1,5,1,2,2,1,2,2,1,1,2,1,2,2,4,2,1,2,2,1,1,1,34.12229919,-117.7142944,-1
R_bqq52h83UMHUOtn,Default Response Set,Anonymous,,,134.173.248.4,0,4/22/2015 20:37,4/22/2015 20:55,1,FB015,1,1,1,2,1,2,2,1,1,1,1,1,2,4,2,3,2,1,2,2,1,2,2,1,2,2,1,1,2,1,2,2,5,3,3,3,2,2,5,1,3,1,1,2,2,1,1,3,1,3,3,5,4,1,3,3,1,5,1,2,2,1,2,2,1,1,1,1,1,2,4,3,1,2,2,1,2,1,34.12229919,-117.7142944,-1
R_cUaQu7wSr9575at,Default Response Set,Anonymous,,,134.173.78.1,0,4/23/2015 8:42,4/23/2015 9:46,1,FB016,2,1,4,2,2,2,3,1,1,1,1,2,3,5,1,3,3,1,3,1,1,4,1,1,3,4,1,1,4,1,4,4,6,7,1,2,2,2,4,1,4,1,1,4,4,1,1,4,1,4,4,6,7,3,3,3,1,4,1,3,2,1,3,3,1,1,3,1,4,3,5,1,1,2,1,1,1,1,34.12229919,-117.7142944,-1
R_dcdZLiRsul1X68R,Default Response Set,Anonymous,,,134.173.78.1,0,4/23/2015 9:46,4/23/2015 9:53,1,FB016,1,1,2,4,1,2,1,1,1,1,1,2,2,4,1,3,2,1,2,2,1,4,1,1,3,3,1,1,3,1,4,4,6,7,3,2,2,2,5,1,3,2,1,2,2,1,1,2,1,3,4,6,7,1,3,3,1,5,1,2,4,1,2,2,1,1,1,1,2,2,4,1,1,2,2,1,2,1,34.12229919,-117.7142944,-1
R_3JVJENDsk8hpszz,Default Response Set,Anonymous,,,134.173.78.1,0,4/23/2015 9:56,4/23/2015 10:47,1,FB017,2,1,4,2,3,4,4,1,2,2,2,3,3,6,5,3,1,1,2,1,1,3,2,1,4,3,1,1,3,1,3,3,6,3,3,2,2,2,4,1,4,1,2,5,5,1,1,5,1,5,4,7,7,2,3,3,1,4,1,3,2,1,3,3,1,1,2,1,2,3,5,2,1,2,2,1,1,1,34.12229919,-117.7142944,-1
R_2tyl7n8eIicdUKV,Default Response Set,Anonymous,,,134.173.78.1,0,4/23/2015 10:58,4/23/2015 11:01,1,FB017,1,1,3,1,2,3,3,,2,3,1,2,3,6,5,3,1,1,2,2,2,3,1,1,3,2,1,1,2,1,3,3,6,3,2,1,2,2,5,1,4,1,2,4,4,1,1,5,,5,4,7,7,1,3,3,1,5,1,2,1,1,2,2,1,1,2,1,2,3,5,2,1,2,2,1,2,1,34.12229919,-117.7142944,-1
R_6ojKwcaJT8YqBY9,Default Response Set,Anonymous,,,134.173.78.1,0,4/23/2015 11:02,4/23/2015 12:09,1,FB018,2,2,1,2,2,3,1,2,1,1,1,2,1,3,1,3,2,1,2,1,1,3,1,1,4,4,1,1,2,1,3,3,5,5,3,3,1,2,4,1,4,1,1,5,4,1,1,5,1,5,4,7,7,1,3,3,1,5,1,1,2,1,3,1,1,1,1,1,2,2,4,4,1,2,2,1,1,1,34.12229919,-117.7142944,-1
R_8k3A9pIkQ2TKnSB,Default Response Set,Anonymous,,,134.173.78.1,0,4/23/2015 12:09,4/23/2015 12:16,1,FB018,1,1,1,2,1,2,3,1,1,1,1,1,1,3,1,3,2,1,2,2,1,2,2,1,3,2,1,1,2,1,3,3,5,5,3,3,2,2,5,1,4,1,1,4,3,1,1,4,1,4,4,7,7,1,3,3,1,5,1,1,1,1,2,2,1,1,1,1,2,2,4,4,1,2,2,1,2,1,34.12229919,-117.7142944,-1
R_afafAtMEgUH3AOh,Default Response Set,Anonymous,,,134.173.78.1,0,4/23/2015 12:16,4/23/2015 15:33,1,FB019,2,1,3,1,4,4,4,1,3,2,1,2,4,6,6,3,2,1,3,1,,,,,,,,,,,,,,,,,,,,,,,,,,,,,,,,,,,,,,,,,,,,,,,,,,,,,,,,,,1,34.12229919,-117.7142944,-1
R_1Nfog2vntzCjjRb,Default Response Set,Anonymous,,,172.56.30.212,0,4/23/2015 15:30,4/23/2015 15:34,1,FB019,2,1,2,1,4,4,2,1,3,3,1,3,4,6,6,3,2,1,3,1,1,5,1,1,5,4,1,1,5,1,5,4,7,7,1,2,2,2,4,1,2,1,2,4,3,1,1,3,1,3,3,6,6,1,3,3,1,4,1,3,1,2,4,4,1,1,2,1,3,3,5,3,1,2,2,1,1,1,33.9250946,-118.2032013,-1
R_0eSH95oIlKDwEnP,Default Response Set,Anonymous,,,134.173.78.1,0,4/23/2015 15:33,4/23/2015 15:46,1,FB019,1,1,3,2,3,3,3,1,2,2,1,3,3,6,6,2,2,1,3,1,1,3,1,1,3,4,1,1,3,1,4,4,6,6,1,2,2,2,4,1,2,1,1,2,2,1,1,2,1,4,4,6,6,1,3,3,1,4,1,2,1,1,2,2,1,1,2,1,3,3,6,5,1,2,2,1,1,1,34.12229919,-117.7142944,-1
R_9F6aNRUSCymOmZD,Default Response Set,Anonymous,,,134.173.78.1,0,4/23/2015 16:34,4/23/2015 16:44,1,FB020,2,1,2,2,2,2,1,1,1,1,1,2,2,5,2,3,2,1,2,2,1,2,1,1,2,2,1,1,2,1,3,3,5,3,3,1,2,1,5,1,2,1,1,2,1,1,1,2,1,2,3,5,3,1,3,3,1,4,1,2,1,1,2,2,1,1,2,1,2,3,5,2,1,2,1,1,1,1,34.12229919,-117.7142944,-1
R_5ulJmVpFcz0Jx4x,Default Response Set,Anonymous,,,134.173.78.1,0,4/23/2015 16:46,4/23/2015 16:56,1,FB020,1,1,2,2,1,2,1,1,1,1,1,2,2,4,2,2,2,1,2,2,1,2,1,1,1,1,1,1,2,1,3,3,5,3,3,1,2,2,5,1,2,1,1,2,1,1,1,2,1,2,3,5,3,1,3,3,1,5,1,2,2,1,2,2,1,1,2,1,2,3,5,2,1,2,2,1,2,1,34.12229919,-117.7142944,-1
R_cInZpaTVHWdDCWp,Default Response Set,Anonymous,,,134.173.78.1,0,4/23/2015 16:57,4/23/2015 18:09,1,FB021,2,1,4,1,2,3,3,1,1,1,1,4,3,6,2,3,3,1,3,2,1,3,2,1,2,3,1,1,3,1,3,3,6,2,2,2,2,2,4,1,4,1,1,3,3,1,1,3,1,3,3,5,2,1,3,3,2,,2,2,4,1,2,3,1,1,1,1,2,2,4,2,1,2,3,1,1,1,34.12229919,-117.7142944,-1
R_5an1njY2mvdAdo1,Default Response Set,Anonymous,,,134.173.78.1,0,4/23/2015 18:15,4/23/2015 18:18,1,FB021,1,1,3,1,1,1,3,1,1,2,1,3,3,5,2,3,2,1,2,2,,3,1,1,3,3,1,1,3,1,3,3,5,2,2,2,2,2,5,1,3,3,1,3,3,1,1,3,1,3,3,5,2,1,3,3,1,5,3,3,3,3,3,3,3,3,3,3,3,3,3,2,1,2,2,1,2,1,34.12229919,-117.7142944,-1
R_6s3ouui9YeOYeS9,Default Response Set,Anonymous,,,134.173.78.1,0,4/23/2015 20:27,4/23/2015 20:43,1,FB022,2,1,2,2,2,3,3,1,1,1,1,1,1,4,2,2,1,2,1,1,1,1,2,2,2,2,1,1,1,1,1,3,4,2,3,2,1,2,5,3,3,3,3,2,3,3,1,,,2,2,3,3,1,3,3,1,4,1,1,1,1,2,1,,1,1,1,1,1,2,2,1,2,3,1,1,1,34.12229919,-117.7142944,-1
R_1zCwh0p6ELWGBSZ,Default Response Set,Anonymous,,,134.173.25.140,0,4/23/2015 20:46,4/24/2015 9:38,1,FB022,1,1,1,1,1,2,1,1,1,1,1,1,2,4,4,1,2,1,2,2,1,1,1,1,1,1,1,1,1,1,2,2,4,2,3,2,2,2,5,1,1,1,1,1,1,1,1,1,1,1,2,4,2,1,3,3,1,5,1,1,1,1,1,1,1,1,1,1,1,1,4,3,1,2,2,1,2,1,34.12229919,-117.7142944,-1
R_byyYKr4F0MEITAx,Default Response Set,Anonymous,,,134.173.78.1,0,4/24/2015 9:38,4/24/2015 9:49,1,FB023,2,3,2,3,2,2,2,2,2,1,1,1,2,3,1,3,1,3,3,1,1,4,1,1,4,3,1,1,1,1,4,4,6,5,3,2,2,2,4,4,2,1,1,4,1,3,1,4,3,3,2,2,4,1,3,3,1,4,3,1,1,1,4,1,3,1,4,1,2,2,1,2,1,2,2,1,1,1,34.12229919,-117.7142944,-1
R_8jqgq6Ry9k34Sjj,Default Response Set,Anonymous,,,134.173.78.1,0,4/24/2015 9:54,4/24/2015 11:27,1,FB023,1,1,3,2,2,4,3,1,1,1,1,2,2,3,1,3,1,1,2,2,1,2,2,1,3,2,1,1,2,1,2,3,4,3,3,2,2,2,5,3,1,2,1,4,2,2,1,3,1,3,3,2,4,1,3,3,1,5,4,1,1,1,3,1,3,1,3,3,2,2,1,2,1,2,2,1,2,1,34.12229919,-117.7142944,-1
R_ah0Jl8CS4q1kCzj,Default Response Set,Anonymous,,,134.173.248.4,0,4/24/2015 11:28,4/24/2015 11:33,1,FB024,2,2,1,2,3,3,1,1,4,2,3,3,3,4,1,3,2,1,3,1,2,1,4,1,2,2,1,1,1,1,2,2,3,1,2,2,1,2,4,3,1,4,1,2,1,2,1,1,2,1,1,1,1,2,3,3,1,4,5,1,3,1,3,1,4,3,1,4,2,2,2,1,1,2,2,1,1,1,34.12229919,-117.7142944,-1
R_296SW9Y2qdfOVhj,Default Response Set,Anonymous,,,134.173.248.4,0,4/24/2015 11:40,4/24/2015 11:46,1,FB024,1,2,2,3,3,3,2,2,3,1,3,2,2,4,1,3,2,1,3,2,3,1,4,1,2,1,1,1,1,2,1,1,2,1,3,2,2,2,5,3,1,5,1,2,1,1,1,1,2,2,1,1,1,1,3,3,1,5,3,1,4,1,2,1,2,2,1,2,1,2,2,1,1,2,2,1,2,1,34.12229919,-117.7142944,-1
R_8rnlk4H5q1AIXnn,Default Response Set,Anonymous,,,134.173.248.4,0,4/24/2015 12:09,4/24/2015 13:09,1,FB025,2,1,3,1,3,2,2,1,3,2,1,2,3,6,5,3,2,1,2,2,1,4,1,1,3,3,1,1,4,1,5,4,6,6,3,2,1,2,5,1,2,1,1,3,2,1,1,1,1,2,3,5,4,1,3,3,1,4,2,1,3,1,1,1,3,1,1,2,1,2,3,1,1,2,2,1,1,1,34.12229919,-117.7142944,-1
R_bDb2S1Tap5VO3jf,Default Response Set,Anonymous,,,134.173.248.4,0,4/24/2015 13:09,4/24/2015 13:15,1,FB025,1,1,2,2,1,2,2,1,1,1,1,2,3,4,5,3,2,1,2,2,1,2,2,1,2,2,1,1,2,1,3,3,5,5,3,2,2,2,5,1,1,2,1,2,2,1,1,1,1,2,3,4,3,1,3,3,1,5,2,1,2,1,2,2,2,1,1,2,1,2,3,2,1,2,2,1,2,1,34.12229919,-117.7142944,-1
R_1AZT9WNkagOJkZ7,Default Response Set,Anonymous,,,134.173.248.4,0,4/24/2015 14:17,4/24/2015 15:19,1,FB026,2,2,3,3,4,3,3,1,2,2,1,2,3,4,1,3,2,1,2,1,1,3,1,1,3,4,1,1,2,1,3,3,5,2,3,2,2,2,5,1,4,1,3,4,4,1,1,4,1,4,4,6,3,3,3,3,1,4,1,3,1,2,4,3,1,1,3,1,4,3,6,3,2,2,2,1,1,1,34.12229919,-117.7142944,-1
R_8jMpBrhsq2V6YEl,Default Response Set,Anonymous,,,134.173.248.4,0,4/24/2015 15:19,4/24/2015 15:31,1,FB026,1,1,2,2,2,2,2,1,2,1,1,1,2,4,1,3,2,1,2,2,2,2,2,1,2,2,1,1,1,1,2,2,5,1,3,2,1,2,5,1,3,2,2,3,3,1,1,3,1,3,3,7,2,3,3,3,1,5,1,2,2,3,3,3,1,1,2,1,3,3,6,1,1,2,1,1,2,1,34.12229919,-117.7142944,-1
R_5A0VBQQqLnaBK9n,Default Response Set,Anonymous,,,134.173.248.4,0,4/24/2015 15:31,4/24/2015 16:44,1,FB027,2,3,2,2,2,3,2,2,2,2,1,2,2,3,2,3,2,1,2,1,1,3,2,1,4,3,1,1,3,1,4,3,6,6,2,2,2,1,4,1,3,2,2,3,3,1,1,3,1,3,3,6,6,3,2,3,1,4,2,2,2,1,3,1,1,1,1,1,2,2,5,1,1,2,2,1,1,1,34.12229919,-117.7142944,-1
R_43kccIs2OhelEFL,Default Response Set,Anonymous,,,134.173.248.4,0,4/24/2015 16:56,4/24/2015 17:01,1,FB027,1,2,2,4,2,2,1,1,2,1,1,1,1,3,1,3,2,1,2,2,1,2,2,1,2,2,1,1,2,1,2,3,5,5,1,1,2,2,5,1,2,2,1,2,2,1,1,2,1,2,3,6,6,1,3,3,1,5,2,1,2,1,2,1,1,1,1,1,1,2,5,1,1,2,2,1,2,1,34.12229919,-117.7142944,-1
R_1Tcvifd17JhQM29,Default Response Set,Anonymous,,,134.173.248.4,0,4/24/2015 17:02,4/24/2015 18:03,1,FB028,2,2,3,2,4,3,3,1,3,2,3,3,3,5,3,3,2,2,3,2,1,3,1,1,4,4,1,1,3,1,3,3,4,2,3,2,2,2,4,1,5,1,4,5,5,1,1,5,,5,4,7,7,3,3,3,1,4,1,4,1,2,4,4,1,1,3,1,3,3,6,1,1,2,2,1,1,1,34.12229919,-117.7142944,-1
R_eULM5DI5HwPClnL,Default Response Set,Anonymous,,,134.173.248.4,0,4/24/2015 18:03,4/24/2015 18:19,1,FB028,1,2,3,2,3,3,3,1,2,2,1,3,3,5,2,3,2,1,3,2,1,3,2,1,3,3,1,1,2,1,2,2,4,3,3,3,2,2,5,1,5,1,4,5,5,1,1,5,1,5,4,7,7,1,3,3,1,5,1,3,3,1,3,3,1,1,3,1,3,3,6,1,1,2,2,1,2,1,34.12229919,-117.7142944,-1
R_2fVybqRjxGfL8y1,Default Response Set,Anonymous,,,134.173.248.4,0,4/24/2015 18:19,4/24/2015 19:22,1,FB029,2,1,3,1,2,3,3,1,2,2,1,3,3,6,2,2,2,1,2,1,1,3,1,1,3,2,1,1,2,1,3,3,6,2,1,2,2,2,4,2,2,2,1,2,1,1,1,2,1,2,3,5,2,2,3,3,3,4,2,2,3,1,2,1,1,1,1,1,2,2,4,2,3,2,1,1,1,1,34.12229919,-117.7142944,-1
R_6MyViPWMCA9LSe1,Default Response Set,Anonymous,,,134.173.248.4,0,4/24/2015 19:22,4/24/2015 19:36,1,FB029,1,1,2,3,1,2,2,1,1,1,1,1,2,6,2,2,2,1,2,2,1,2,1,1,1,1,1,1,1,1,1,2,5,2,2,2,2,2,5,1,1,3,1,2,1,1,1,1,1,2,2,4,2,1,3,3,1,5,2,1,3,1,2,1,1,1,1,1,1,2,5,5,1,2,2,1,2,1,34.12229919,-117.7142944,-1
R_3jHLic35YBg09hP,Default Response Set,Anonymous,,,134.173.248.4,0,4/24/2015 20:53,4/24/2015 21:01,1,FB030,2,1,3,1,3,2,2,1,3,2,2,3,3,5,4,3,3,1,2,1,1,2,1,1,2,2,1,1,3,1,4,3,6,5,2,2,2,2,4,1,2,1,1,3,2,1,1,2,1,4,3,6,5,3,3,3,2,4,1,2,1,1,2,2,1,1,3,1,3,3,6,4,1,2,2,1,1,1,34.12229919,-117.7142944,-1
R_0CURYJwMqK9bLDL,Default Response Set,Anonymous,,,134.173.248.4,0,4/24/2015 21:01,4/24/2015 21:16,1,FB030,1,1,3,1,2,2,2,1,1,2,2,3,3,5,5,3,2,1,2,2,1,3,1,1,2,2,1,1,2,1,4,4,6,5,3,2,2,2,5,1,2,1,1,2,2,1,1,3,1,4,4,6,5,1,3,3,1,5,1,2,1,1,2,2,1,1,2,1,3,3,6,4,1,2,2,1,2,1,34.12229919,-117.7142944,-1
R_9ZhJ4OlxsA7S9yR,Default Response Set,Anonymous,,,134.173.248.4,0,4/25/2015 10:39,4/25/2015 10:46,1,FB031,2,1,3,2,3,3,3,2,2,2,2,2,3,4,2,3,2,1,1,1,2,1,2,1,2,1,2,2,2,2,2,2,3,2,3,2,2,2,4,1,2,1,2,3,3,1,1,4,1,4,4,6,5,2,3,3,1,4,1,2,2,1,4,3,1,1,2,1,2,3,5,2,1,2,1,1,1,1,34.12229919,-117.7142944,-1
R_77oo4ozYsAy22nH,Default Response Set,Anonymous,,,134.173.248.4,0,4/25/2015 10:56,4/25/2015 11:03,1,FB031,1,1,3,2,2,3,2,2,2,2,2,2,3,5,2,3,2,1,1,2,2,2,2,1,2,1,2,2,2,2,2,2,3,2,3,2,2,2,5,1,3,1,2,4,3,1,1,4,1,4,4,6,2,1,2,3,1,5,1,2,2,2,3,3,1,1,3,1,3,3,5,2,1,2,1,1,2,1,34.12229919,-117.7142944,-1
R_eXMezvA3s6I4QBL,Default Response Set,Anonymous,,,134.173.248.4,0,4/25/2015 11:59,4/25/2015 12:07,1,FB032,2,1,2,1,4,5,3,1,2,3,2,4,4,5,1,3,2,1,2,1,4,3,2,1,4,3,4,3,2,4,3,3,2,1,1,2,3,2,4,4,2,2,1,4,2,4,3,2,4,3,3,1,1,1,3,3,1,4,5,1,2,1,4,1,5,4,1,4,3,2,1,1,1,2,2,1,1,1,34.12229919,-117.7142944,-1
R_cSG0hVniVR6d4jj,Default Response Set,Anonymous,,,134.173.248.4,0,4/25/2015 12:17,4/25/2015 12:24,1,FB032,1,4,3,2,1,3,1,3,1,1,3,2,2,2,1,3,2,1,1,2,4,1,2,,3,2,5,3,1,4,2,1,1,1,3,1,2,2,5,4,1,3,1,3,2,4,1,2,4,3,1,1,1,1,3,3,1,5,5,1,4,1,3,1,5,2,1,5,2,1,1,1,1,2,2,1,2,1,34.12229919,-117.7142944,-1
R_esbQomsKhBSiElL,Default Response Set,Anonymous,,,134.173.248.4,0,4/25/2015 12:24,4/25/2015 15:21,1,FB034,2,1,5,1,5,5,5,1,3,5,1,5,4,7,7,3,3,1,2,2,1,4,1,2,5,4,1,1,4,1,5,4,5,5,3,2,1,2,5,1,5,1,2,5,5,1,1,5,1,5,4,7,7,3,3,3,1,4,1,4,1,1,4,4,1,1,4,1,3,3,5,5,1,2,2,1,1,1,34.12229919,-117.7142944,-1
R_783nQiLnYpRscCx,Default Response Set,Anonymous,,,134.173.248.4,0,4/25/2015 15:21,4/25/2015 15:38,1,FB034,1,1,5,1,2,5,5,1,1,5,1,,4,7,7,3,2,1,2,2,1,5,1,2,5,5,,,5,1,5,4,6,6,3,2,2,2,5,1,5,1,2,5,4,1,1,5,1,5,4,6,6,3,3,3,1,5,1,4,1,1,4,4,1,1,4,1,2,3,4,5,1,2,2,1,2,1,34.12229919,-117.7142944,-1
R_0SOUFMubLMsgbI1,Default Response Set,Anonymous,,,134.173.248.4,0,4/25/2015 16:32,4/25/2015 16:41,1,FB035,2,1,2,2,1,2,2,1,1,1,1,2,3,4,2,3,2,3,3,1,1,4,1,2,4,4,1,1,4,1,4,4,6,7,3,2,1,2,5,1,4,1,4,4,4,1,1,4,1,4,4,6,7,2,3,1,1,4,1,4,1,4,4,4,1,1,4,1,4,4,6,7,1,2,2,1,1,1,34.12229919,-117.7142944,-1
R_85Gndr5jHcQyXHf,Default Response Set,Anonymous,,,134.173.248.4,0,4/25/2015 16:41,4/25/2015 16:59,1,FB035,1,1,2,1,2,3,3,1,1,2,1,2,3,4,3,2,2,2,2,2,1,2,1,2,4,4,1,1,4,1,4,4,6,7,3,2,1,2,5,1,4,1,2,4,4,1,1,4,1,4,4,6,7,2,3,3,1,5,1,4,1,2,4,4,1,1,4,1,4,4,6,7,1,2,2,1,2,1,34.12229919,-117.7142944,-1
R_0wCgpPaVrfDLg33,Default Response Set,Anonymous,,,134.173.248.4,0,4/25/2015 17:00,4/25/2015 18:04,1,FB036,2,1,5,1,4,5,4,1,1,5,1,5,4,7,7,3,2,1,2,2,1,1,3,1,2,1,1,1,2,1,2,1,4,3,2,2,1,3,4,1,2,1,1,2,1,1,1,2,1,1,3,4,5,3,3,3,1,4,1,3,1,1,3,2,1,1,3,1,4,4,6,5,1,2,1,1,1,1,34.12229919,-117.7142944,-1
R_0TyEaM4O1VEpCN7,Default Response Set,Anonymous,,,134.173.248.4,0,4/25/2015 18:18,4/25/2015 18:24,1,FB036,1,1,5,1,5,5,4,2,1,5,1,5,4,7,7,3,2,1,2,2,3,1,2,1,2,1,1,1,2,1,2,2,4,3,1,2,2,2,4,1,2,1,1,2,2,1,1,2,1,3,3,5,4,1,3,3,1,4,1,2,1,1,3,2,1,1,3,1,3,4,5,5,1,2,2,1,1,1,34.12229919,-117.7142944,-1
R_6nSpHxKvj1h741f,Default Response Set,Anonymous,,,134.173.248.4,0,4/25/2015 19:31,4/25/2015 19:41,1,FB037,1,1,1,2,1,2,2,1,1,1,1,1,1,4,2,2,3,3,3,1,1,1,2,1,2,1,1,1,1,1,1,1,4,2,1,1,1,2,4,1,1,2,1,1,1,1,1,1,1,1,1,4,2,3,3,3,1,4,1,2,1,1,2,2,1,1,2,1,2,3,5,2,3,2,2,1,1,1,34.12229919,-117.7142944,-1
R_b9p0K8uFD42yUHX,Default Response Set,Anonymous,,,134.173.248.4,0,4/25/2015 19:41,4/25/2015 20:06,1,FB037,2,1,2,1,1,2,2,1,1,1,1,1,1,4,2,3,3,1,2,2,1,1,2,1,1,1,1,1,1,1,1,1,4,2,3,1,2,2,5,1,1,1,1,1,1,1,1,1,1,1,1,4,2,1,3,3,1,5,1,2,1,1,2,2,1,1,2,1,2,2,4,2,1,2,2,1,2,1,34.12229919,-117.7142944,-1
R_bgsisktjjvylgGh,Default Response Set,Anonymous,,,134.173.248.4,0,4/25/2015 20:07,4/25/2015 21:00,1,FB038,1,1,4,1,4,4,4,1,1,1,1,3,3,5,3,3,2,1,2,1,1,4,1,,5,3,1,1,4,1,5,4,6,5,1,3,2,2,4,1,4,1,1,4,2,1,1,4,1,4,4,6,6,3,3,1,1,4,1,2,2,1,3,1,1,1,3,1,2,3,4,2,3,2,2,1,1,1,34.12229919,-117.7142944,-1
R_1ZTPMsKFyeLUD1b,Default Response Set,Anonymous,,,134.173.248.4,0,4/25/2015 21:01,4/25/2015 21:16,1,FB038,2,1,4,1,4,4,3,1,,2,1,3,3,5,2,3,2,1,2,2,1,4,1,1,5,3,1,1,5,1,5,4,7,6,3,3,2,2,5,1,4,1,1,4,3,1,1,4,1,5,4,6,6,1,3,3,1,5,1,3,2,1,3,1,1,1,2,1,1,2,4,1,1,2,2,1,2,1,34.12229919,-117.7142944,-1
R_4VBXJ7BwwmxYr65,Default Response Set,Anonymous,,,134.173.248.4,0,4/26/2015 9:59,4/26/2015 10:48,1,FB039,1,1,5,1,5,5,5,1,3,4,1,5,4,7,7,3,2,1,2,2,1,4,1,1,5,3,1,1,4,1,5,4,6,3,3,3,2,2,5,1,5,1,1,5,5,1,1,5,1,5,4,7,7,1,3,3,1,5,2,1,2,1,3,1,1,1,1,1,3,1,4,1,1,2,2,1,2,1,34.12229919,-117.7142944,-1
R_cOr6ybuvulqPQgZ,Default Response Set,Anonymous,,,134.173.248.4,0,4/26/2015 9:13,4/26/2015 9:56,0,FB039,2,1,4,1,5,5,4,1,2,3,1,4,4,6,6,3,3,1,2,2,1,3,1,1,4,2,1,1,2,1,3,3,5,3,3,3,1,2,4,1,5,1,1,5,5,1,1,5,1,5,4,7,7,1,2,3,1,4,3,1,1,1,3,1,1,1,1,1,3,2,4,1,1,2,2,1,1,1,,,-1
R_7Pwhc873U6dxnPn,Default Response Set,Anonymous,,,134.173.248.4,0,4/26/2015 10:48,4/26/2015 11:10,1,FB040,2,2,2,2,2,2,2,1,3,2,1,2,2,2,1,3,3,1,2,1,1,3,1,1,3,3,1,1,3,1,4,3,6,5,1,3,2,2,4,1,2,1,1,2,2,1,1,2,1,2,3,5,4,3,3,3,1,4,1,3,1,1,4,3,1,1,3,1,3,3,6,5,1,2,3,1,1,1,34.12229919,-117.7142944,-1
R_e2rDjYoHgnrt93f,Default Response Set,Anonymous,,,134.173.78.1,0,4/26/2015 11:10,4/26/2015 11:16,1,FB040,1,1,1,2,1,2,1,1,1,1,1,1,1,3,1,3,3,1,2,2,1,2,2,1,2,2,1,1,2,1,2,2,5,4,1,3,2,2,5,1,1,2,1,2,1,1,1,1,1,2,2,4,3,1,3,3,1,5,1,2,1,1,2,1,1,1,2,1,2,2,5,4,1,2,2,1,2,1,34.12229919,-117.7142944,-1
R_dhiHzVQIEagO9oN,Default Response Set,Anonymous,,,134.173.78.1,0,4/26/2015 11:38,4/26/2015 12:12,1,FB041,1,2,1,2,2,3,2,1,2,2,3,,3,3,1,1,2,1,2,1,1,2,1,1,2,3,,1,2,1,3,3,5,2,1,1,2,2,4,2,3,1,1,1,2,1,1,2,1,3,3,5,5,1,3,3,1,5,1,2,2,1,2,2,1,1,3,1,2,3,5,1,1,2,2,1,1,1,34.12229919,-117.7142944,-1
R_4YPKex6goUX7nqR,Default Response Set,Anonymous,,,134.173.78.1,0,4/26/2015 12:12,4/26/2015 12:23,1,FB041,2,1,2,1,1,2,2,1,1,1,1,2,3,5,2,1,2,1,2,2,1,2,1,1,3,2,1,1,2,1,3,3,5,2,3,1,2,2,5,1,2,2,1,2,1,1,1,1,1,2,2,3,2,1,3,3,1,5,2,2,2,1,2,1,1,1,1,1,2,2,4,2,1,2,2,1,2,1,34.12229919,-117.7142944,-1
R_8cRSeplsKPXIzCB,Default Response Set,Anonymous,,,134.173.78.1,0,4/26/2015 13:16,4/26/2015 13:32,1,FB042,1,3,1,4,2,1,2,1,1,1,1,1,1,3,2,3,2,1,1,1,2,2,2,1,2,3,1,1,1,1,3,3,5,2,1,1,1,2,4,5,1,2,1,2,1,3,1,1,1,2,1,1,1,1,3,3,2,4,2,2,2,1,3,2,1,1,2,1,3,3,3,1,1,2,1,1,1,1,34.12229919,-117.7142944,-1
R_87F7xjTVIg9BnFz,Default Response Set,Anonymous,,,134.173.78.1,0,4/26/2015 13:35,4/26/2015 13:46,1,FB042,2,2,1,2,2,2,1,2,1,1,1,2,2,3,1,3,2,1,1,2,2,2,1,1,3,3,1,1,2,1,3,3,5,3,3,2,2,2,5,4,1,1,1,3,1,3,1,2,3,3,1,1,1,1,3,3,1,5,2,2,2,1,3,2,1,1,2,2,3,3,2,2,1,2,2,1,2,1,34.12229919,-117.7142944,-1
R_eCKLEEoXDD0E5Wl,Default Response Set,Anonymous,,,134.173.78.1,0,4/26/2015 15:15,4/26/2015 15:29,1,FB043,1,1,3,1,3,4,4,1,2,3,1,4,4,6,5,3,2,2,1,1,1,4,1,2,5,4,1,1,4,1,5,4,6,6,1,2,1,2,4,2,1,2,1,2,1,1,1,2,1,2,2,3,1,3,3,1,3,4,2,1,3,1,2,1,1,1,1,2,1,1,3,1,1,2,1,1,1,1,34.12229919,-117.7142944,-1
R_86RJqb2o6kKtssB,Default Response Set,Anonymous,,,134.173.78.1,0,4/26/2015 15:33,4/26/2015 15:43,1,FB043,2,1,4,1,4,4,3,1,4,3,2,4,4,6,5,3,2,1,3,1,1,3,1,2,5,3,1,1,4,1,5,4,6,6,3,2,2,2,5,1,2,1,1,4,2,1,1,3,1,4,3,4,3,1,3,1,1,5,1,1,2,1,1,1,1,1,1,1,3,1,4,1,1,2,1,1,2,1,34.12229919,-117.7142944,-1
R_eqSSCjSYTuNDp4x,Default Response Set,Anonymous,,,134.173.78.1,0,4/26/2015 16:30,4/26/2015 16:40,1,FB044,1,1,4,2,3,3,3,1,2,2,1,4,3,6,5,3,2,1,2,2,2,3,3,1,3,3,2,1,4,1,3,2,3,2,1,2,3,2,4,2,2,2,1,2,1,2,2,3,2,3,2,2,2,3,3,3,1,4,1,4,1,2,4,2,1,1,4,1,5,4,6,6,1,2,3,1,1,1,34.12229919,-117.7142944,-1
R_4VH4EbI417uGPvn,Default Response Set,Anonymous,,,134.173.78.1,0,4/26/2015 16:52,4/26/2015 17:01,1,FB044,2,1,3,1,3,3,2,1,2,3,1,3,3,6,5,3,2,1,3,2,1,3,1,1,3,3,1,1,3,1,4,3,5,5,3,2,2,2,4,2,2,1,1,3,2,2,1,3,2,2,2,3,3,1,3,3,1,4,1,3,1,2,3,2,1,1,4,1,4,3,6,6,1,2,2,1,1,1,34.12229919,-117.7142944,-1
R_6VDwMolkR8tKyK9,Default Response Set,Anonymous,,,134.173.78.1,0,4/26/2015 17:12,4/26/2015 17:50,1,FB045,1,1,2,1,3,4,2,1,1,1,1,2,3,5,5,2,3,,,,1,2,1,1,3,2,1,1,3,1,2,3,4,5,1,3,3,1,4,1,4,1,1,4,3,1,1,4,1,4,4,6,7,3,3,3,1,4,1,2,2,1,2,1,1,1,2,1,2,2,4,1,1,2,3,1,1,1,34.12229919,-117.7142944,-1
R_4ZoScS0lmiynDY9,Default Response Set,Anonymous,,,134.173.78.1,0,4/26/2015 17:50,4/26/2015 18:04,1,FB045,2,1,2,2,1,2,2,1,1,2,1,2,3,6,6,3,1,1,2,2,1,4,1,1,3,3,1,1,3,1,4,4,6,6,1,1,2,2,4,1,5,1,1,5,4,1,1,5,1,5,4,7,7,1,3,3,1,4,1,2,2,1,4,2,1,1,2,1,2,2,4,4,1,2,2,1,1,1,34.12229919,-117.7142944,-1
R_6F2ssuuWsBTcyGN,Default Response Set,Anonymous,,,134.173.78.1,0,4/26/2015 19:09,4/26/2015 19:28,1,FB046,1,2,2,2,2,3,1,1,1,1,1,2,2,3,1,3,3,1,3,1,1,2,1,1,3,1,1,1,2,1,2,3,5,3,1,2,2,2,4,1,2,1,1,4,2,1,1,3,1,3,3,6,3,1,3,3,1,4,2,1,3,1,1,1,1,1,1,1,2,2,6,1,1,2,3,1,1,1,34.12229919,-117.7142944,-1
R_eR2v1LBOsAG6EEl,Default Response Set,Anonymous,,,134.173.78.1,0,4/26/2015 19:28,4/26/2015 19:40,1,FB046,2,2,1,4,1,2,1,1,1,1,1,1,1,3,1,3,2,1,1,2,1,3,1,1,3,2,1,1,2,1,3,3,5,1,3,2,2,2,5,1,3,1,1,3,2,1,1,3,1,3,3,6,2,1,3,3,1,5,4,1,4,1,1,1,1,1,1,1,1,1,6,1,1,2,2,1,2,1,34.12229919,-117.7142944,-1
R_3ORKzJGf1fNoQm1,Default Response Set,Anonymous,,,134.173.78.1,0,4/26/2015 20:28,4/26/2015 20:38,1,FB047,1,1,4,3,4,4,4,1,3,2,2,3,3,6,1,3,2,1,1,1,3,2,2,1,3,2,2,1,2,1,3,2,3,2,1,3,2,2,4,1,4,1,1,5,3,1,1,4,1,5,4,6,5,1,3,3,1,4,2,3,4,1,2,2,3,1,3,2,3,3,5,2,2,2,2,1,1,1,34.12229919,-117.7142944,-1
R_6YalS3u9Gk6hwix,Default Response Set,Anonymous,,,134.173.78.1,0,4/26/2015 20:38,4/26/2015 20:51,1,FB047,2,2,2,4,2,2,3,1,1,1,1,2,2,5,1,3,2,1,2,2,2,2,3,1,2,2,,,1,1,2,2,3,1,3,3,2,2,5,1,3,2,1,3,3,1,1,3,1,,3,6,5,1,3,3,1,5,4,1,4,1,3,2,2,1,2,2,2,1,6,1,1,2,2,1,2,1,34.12229919,-117.7142944,-1
R_eA8nDgmvxMR88L3,Default Response Set,Anonymous,,,134.173.78.1,0,4/27/2015 9:40,4/27/2015 9:54,1,FB048,1,3,1,5,1,1,1,2,2,1,3,1,1,2,1,3,1,1,2,1,2,3,2,1,1,1,2,2,1,2,2,2,4,1,3,2,2,2,4,3,1,4,1,1,1,4,4,1,3,2,1,1,1,1,3,3,1,4,1,3,2,1,4,4,1,1,1,1,4,2,6,1,1,2,2,1,1,1,34.12229919,-117.7142944,-1
R_9G4bAHK9uLMvZtP,Default Response Set,Anonymous,,,134.173.248.4,0,4/27/2015 9:54,4/27/2015 10:09,1,FB048,2,2,1,4,1,1,1,2,1,1,2,1,1,2,1,3,1,1,2,2,1,2,4,1,1,1,2,2,1,2,2,1,2,1,1,2,2,2,5,3,1,4,1,1,1,3,3,1,3,1,1,1,1,1,3,3,1,5,1,3,3,,4,3,1,1,3,1,4,2,6,1,1,2,2,1,2,1,34.12229919,-117.7142944,-1
R_8dgMoKsZZQyLUax,Default Response Set,Anonymous,,,134.173.248.4,0,4/27/2015 10:59,4/27/2015 11:04,1,FB049,1,1,2,2,1,3,2,1,1,1,1,2,3,3,1,3,3,1,2,1,2,1,1,1,3,2,1,1,1,1,2,2,3,1,1,2,1,2,4,1,1,1,1,2,2,1,1,1,1,2,3,4,1,3,3,3,1,4,2,1,1,1,3,1,1,1,1,1,2,2,4,1,1,2,2,1,1,1,34.12229919,-117.7142944,-1
R_cZ65dVzCLQ54Fy5,Default Response Set,Anonymous,,,134.173.248.4,0,4/27/2015 11:05,4/27/2015 12:20,1,FB049,2,2,1,1,1,2,2,1,1,1,1,1,2,3,1,3,3,1,2,2,2,1,1,1,2,1,1,1,1,1,1,2,3,1,3,2,1,2,5,1,1,1,1,2,2,1,1,1,1,2,3,4,1,1,3,3,1,5,2,1,1,1,2,2,1,1,1,1,2,2,4,1,1,2,2,1,2,1,34.12229919,-117.7142944,-1
R_3BO9H9SurwLVPnf,Default Response Set,Anonymous,,,134.173.248.4,0,4/27/2015 12:20,4/27/2015 12:27,1,FB050,1,1,2,1,2,3,2,1,2,1,1,2,3,5,1,3,2,1,3,2,1,1,2,1,2,2,1,1,2,1,2,3,4,1,3,2,2,2,5,1,1,2,1,2,1,1,1,1,1,1,2,3,1,1,3,2,1,4,1,1,2,1,2,1,1,1,1,1,2,2,5,1,1,2,2,1,1,1,34.12229919,-117.7142944,-1
R_9mjPsRBktNEkLn7,Default Response Set,Anonymous,,,134.173.248.4,0,4/27/2015 12:27,4/27/2015 12:43,1,FB050,2,1,2,1,2,2,2,1,1,1,1,1,3,5,1,3,2,1,2,2,1,2,1,1,2,1,1,1,1,1,1,3,5,1,3,2,2,2,5,1,1,3,1,2,1,1,1,1,1,1,2,3,1,1,3,3,1,5,1,1,3,1,2,1,1,1,1,1,1,2,4,1,1,2,2,1,2,1,34.12229919,-117.7142944,-1
R_5pCY330E3UnZsj3,Default Response Set,Anonymous,,,134.173.248.4,0,4/27/2015 12:45,4/27/2015 13:44,1,FB051,1,1,2,3,1,3,2,1,1,1,1,2,2,4,3,3,2,2,1,1,1,2,1,1,3,3,1,1,3,1,3,3,5,4,2,3,2,2,4,2,1,2,1,2,1,1,1,2,1,2,2,3,2,3,3,1,1,4,1,1,1,1,2,2,1,1,2,1,2,2,3,2,1,2,1,1,1,1,34.00349426,-118.2873001,-1
R_6lZqgjCtzl1hgRn,Default Response Set,Anonymous,,,172.56.30.208,0,4/27/2015 13:44,4/27/2015 14:00,1,FB051,2,1,2,1,,3,2,1,1,2,1,2,2,4,4,3,2,1,2,1,1,2,1,1,3,3,1,1,2,1,3,3,4,4,3,2,2,2,4,2,1,,1,2,2,1,1,2,1,2,2,3,2,1,3,3,1,4,1,1,1,1,3,2,1,1,2,1,2,3,3,2,1,2,2,1,1,1,34.00349426,-118.2873001,-1
R_bJGoSQztu0BQv4N,Default Response Set,Anonymous,,,134.173.78.1,0,4/27/2015 15:25,4/27/2015 15:34,1,FB052,1,1,1,1,1,1,1,1,1,1,1,1,1,4,3,3,2,1,3,1,5,1,1,1,1,1,4,,1,4,1,1,1,1,1,2,1,2,5,1,1,1,1,1,1,1,1,1,1,1,3,4,1,1,2,3,1,,1,4,1,4,5,3,1,1,2,1,5,3,5,5,1,2,1,1,1,1,34.12229919,-117.7142944,-1
R_3l0LjdMu3xrnkTr,Default Response Set,Anonymous,,,134.173.78.1,0,4/27/2015 15:35,4/27/2015 15:47,1,FB052,2,1,1,1,1,1,1,1,1,1,1,1,2,4,2,3,2,1,1,1,5,1,5,1,1,1,1,1,1,1,1,1,1,1,3,1,1,2,5,1,1,1,1,1,1,1,1,1,1,1,1,4,4,3,3,3,1,4,1,1,1,1,1,1,1,1,1,1,1,3,5,5,1,2,3,1,1,1,34.12229919,-117.7142944,-1
R_7QhOEHgmb4FqWe9,Default Response Set,Anonymous,,,134.173.78.1,0,4/27/2015 15:47,4/27/2015 16:35,1,FB053,1,2,1,3,1,1,1,1,1,1,1,1,1,3,1,1,3,3,1,1,1,1,2,1,1,1,1,1,1,1,1,2,4,2,2,1,1,2,4,1,2,1,1,2,1,1,1,2,1,3,3,4,3,2,3,3,1,4,1,1,1,1,2,1,1,1,2,1,2,3,4,2,3,2,2,1,1,1,34.12229919,-117.7142944,-1
R_blt46n8LI3ZDFJj,Default Response Set,Anonymous,,,134.173.78.1,0,4/27/2015 16:36,4/27/2015 16:55,1,FB053,2,1,1,2,1,2,1,1,1,1,1,1,1,3,1,2,2,1,2,2,1,1,2,1,2,1,1,1,1,1,2,2,4,3,1,2,2,2,5,1,1,2,1,2,1,1,1,2,1,3,3,5,3,1,3,3,1,5,1,1,2,1,2,1,1,1,1,1,1,3,4,1,1,2,2,1,2,1,34.12229919,-117.7142944,-1
R_dcIHTjWXfoZSm6F,Default Response Set,Anonymous,,,134.173.78.1,0,4/27/2015 17:42,4/27/2015 17:47,1,FB054,1,2,1,3,2,3,2,1,3,1,1,2,3,3,1,3,3,1,3,1,3,2,2,1,1,2,2,1,1,1,2,1,2,1,1,3,2,2,4,1,2,2,1,3,3,1,1,2,1,3,3,4,2,1,3,3,1,4,1,4,1,1,2,4,1,1,4,1,3,3,7,4,2,2,2,1,1,1,34.12229919,-117.7142944,-1
R_cBeiv1TczX4Hcsl,Default Response Set,Anonymous,,,134.173.78.1,0,4/27/2015 17:48,4/27/2015 18:02,1,FB054,2,1,2,2,2,2,1,1,2,1,1,2,2,2,2,3,2,1,2,2,2,1,2,1,1,1,2,1,1,1,2,1,1,1,1,2,2,2,5,1,2,3,1,1,1,2,1,1,1,1,3,3,1,1,3,3,1,5,1,3,1,1,2,3,1,1,3,1,4,3,7,5,1,2,2,1,2,1,34.12229919,-117.7142944,-1
R_bf5CKkrIwDCMaxL,Default Response Set,Anonymous,,,134.173.78.1,0,4/27/2015 19:23,4/27/2015 19:31,1,FB055,1,1,4,3,3,4,3,1,2,3,1,3,3,5,3,3,2,2,2,1,2,4,2,2,4,4,1,1,4,1,5,4,6,6,1,2,2,2,5,1,4,2,2,4,4,1,1,5,1,5,4,6,6,3,3,3,1,4,1,3,3,1,3,3,1,1,3,1,4,3,4,2,3,2,2,1,1,1,34.12229919,-117.7142944,-1
R_2c5oWpIXISOyWeV,Default Response Set,Anonymous,,,134.173.78.1,0,4/27/2015 19:31,4/27/2015 19:46,1,FB055,2,1,3,3,3,3,3,1,2,3,1,3,3,5,3,3,2,2,2,2,1,,2,2,3,3,1,1,3,1,4,4,6,6,1,2,2,2,5,2,4,2,2,4,4,1,1,4,1,4,4,7,6,1,3,3,1,5,2,3,3,1,4,3,1,1,3,1,3,3,4,2,1,2,2,1,2,1,34.12229919,-117.7142944,-1
R_2b30cR3i0XOxKst,Default Response Set,Anonymous,,,134.173.78.1,0,4/27/2015 20:39,4/27/2015 20:45,1,FB056,1,1,2,1,4,4,2,1,4,2,3,3,3,5,4,3,2,1,2,1,1,4,1,1,4,3,1,1,4,1,5,4,6,6,1,2,2,2,4,1,4,1,1,5,4,1,1,4,1,5,4,7,7,2,3,3,1,4,1,2,2,1,3,3,1,1,1,1,3,3,5,4,1,2,2,1,1,1,34.12229919,-117.7142944,-1
R_4Gig2qDrC5kpKIt,Default Response Set,Anonymous,,,134.173.78.1,0,4/27/2015 20:56,4/27/2015 21:00,1,FB056,2,1,3,2,3,3,2,1,4,2,1,3,3,4,5,3,2,1,2,1,1,3,1,2,4,4,1,1,4,1,5,4,6,6,3,2,2,2,4,1,4,1,2,5,5,1,1,5,1,5,4,7,7,1,3,3,1,4,1,3,2,1,3,2,1,1,2,1,3,3,5,5,1,2,2,1,1,1,34.12229919,-117.7142944,-1
R_6KGgvSNgKQEc8tf,Default Response Set,Anonymous,,,134.173.78.1,0,4/28/2015 9:02,4/28/2015 9:53,1,FB057,1,1,2,2,1,2,1,1,1,2,1,2,3,4,5,1,2,3,1,1,1,3,2,2,2,2,1,3,4,2,2,3,6,6,3,3,1,1,4,1,5,1,5,3,3,1,1,5,4,4,3,5,3,3,3,3,2,4,2,3,3,3,3,3,3,3,2,2,2,3,4,1,2,1,2,1,1,1,34.12229919,-117.7142944,-1
R_5zO2RiqsJgJ4PDD,Default Response Set,Anonymous,,,134.173.78.1,0,4/28/2015 9:53,4/28/2015 10:19,1,FB057,2,2,3,2,1,2,2,1,1,2,1,2,3,5,5,2,2,1,1,1,1,2,2,2,2,2,1,2,2,1,2,3,5,5,2,2,2,3,4,3,2,4,3,2,2,2,2,3,3,2,3,5,5,2,2,3,1,4,1,2,2,2,2,2,1,1,2,1,1,3,6,6,1,2,2,1,1,1,34.12229919,-117.7142944,-1
R_5d5y4M5CpXfq5lH,Default Response Set,Anonymous,,,134.173.25.203,0,4/28/2015 10:22,4/28/2015 10:55,1,FB058,1,2,1,3,1,3,4,2,1,1,1,3,2,3,1,1,3,1,3,1,2,3,2,1,2,1,1,1,2,1,2,3,3,1,1,1,2,2,4,2,2,3,1,3,3,1,1,3,1,3,3,3,1,1,3,3,1,4,1,2,3,1,2,2,1,1,3,1,3,2,2,1,1,2,2,1,1,1,34.12229919,-117.7142944,-1
R_50DMzYBrmK996bb,Default Response Set,Anonymous,,,134.173.25.203,0,4/28/2015 10:55,4/28/2015 11:05,1,FB058,2,1,2,4,1,3,1,1,1,2,1,2,2,2,1,3,2,1,2,2,2,1,4,1,3,1,1,1,1,1,3,2,3,1,3,2,2,2,5,1,1,4,2,3,1,1,1,2,1,2,2,2,1,1,3,3,1,5,2,1,4,1,3,2,1,1,1,1,2,2,2,1,1,2,2,1,2,1,34.12229919,-117.7142944,-1
R_6WFUkCX643blXUN,Default Response Set,Anonymous,,,134.173.25.203,0,4/28/2015 11:08,4/28/2015 12:11,1,FB059,1,,4,3,4,4,4,1,1,3,1,3,3,4,5,3,2,1,2,1,1,2,1,1,2,2,1,1,2,1,2,3,5,5,1,2,2,2,5,1,4,1,1,4,4,1,1,4,1,4,3,4,5,1,3,3,1,4,1,2,3,1,3,3,1,1,2,1,2,2,7,4,1,2,2,1,1,1,34.12229919,-117.7142944,-1
R_3DUr5vNUcTZGeTH,Default Response Set,Anonymous,,,134.173.25.203,0,4/28/2015 12:11,4/28/2015 12:23,1,FB059,2,1,2,2,2,3,3,1,1,2,1,2,3,5,5,3,2,1,2,2,1,2,2,1,3,3,1,1,2,1,2,3,5,5,3,2,2,2,5,1,3,1,2,3,3,1,1,4,1,3,3,5,5,1,3,3,1,5,1,2,3,1,2,,1,1,2,1,2,3,7,3,1,2,2,1,2,1,34.12229919,-117.7142944,-1
R_78acLH5K7c9nTyB,Default Response Set,Anonymous,,,134.173.25.203,0,4/28/2015 13:05,4/28/2015 13:27,1,FB060,1,1,2,1,4,4,4,1,2,4,2,4,3,6,6,3,3,1,3,1,1,3,1,1,4,4,1,1,4,2,4,3,5,6,1,2,1,1,4,1,5,1,1,5,5,1,1,5,1,5,4,6,6,3,3,3,1,4,1,3,1,1,4,4,1,1,3,1,4,3,6,6,1,2,3,1,1,1,34.12229919,-117.7142944,-1
R_emQzvkKdOMWHfjT,Default Response Set,Anonymous,,,134.173.78.1,0,4/28/2015 13:27,4/28/2015 13:38,1,FB060,2,1,4,1,4,4,4,1,1,5,1,5,4,7,7,3,3,1,1,2,1,4,1,,4,,1,1,4,1,5,4,6,5,1,2,2,2,5,1,,1,2,5,5,1,1,5,1,5,4,7,7,1,3,3,1,5,1,5,2,2,5,5,1,,5,1,5,3,6,6,1,2,2,1,2,1,34.12229919,-117.7142944,-1
R_8eJjQQAOsPpEUex,Default Response Set,Anonymous,,,134.173.78.1,0,4/28/2015 14:58,4/28/2015 15:13,1,FB061,1,1,3,2,2,2,2,1,2,1,1,2,2,5,2,3,2,1,3,1,1,3,2,1,3,3,1,1,2,1,2,3,5,2,3,3,3,2,5,1,3,2,1,2,2,1,1,2,1,2,3,4,1,1,3,3,1,4,1,3,2,1,3,3,1,1,1,1,3,3,5,2,1,2,2,2,1,1,34.12229919,-117.7142944,-1
R_bfuXuGplhVcpWsd,Default Response Set,Anonymous,,,134.173.78.1,0,4/28/2015 15:13,4/28/2015 15:29,1,FB061,2,1,3,1,2,3,3,1,1,2,1,2,3,5,2,3,2,1,1,2,1,3,1,1,3,3,1,1,2,1,3,3,5,2,3,2,2,2,5,1,2,2,1,2,2,1,1,1,1,2,2,4,1,1,3,3,1,5,1,3,1,1,3,3,1,1,2,1,3,3,6,2,1,2,2,1,2,1,34.12229919,-117.7142944,-1
R_bjELukppNXQ8EKN,Default Response Set,Anonymous,,,134.173.78.1,0,4/28/2015 15:29,4/28/2015 16:18,1,FB062,1,1,3,1,3,4,4,1,1,2,1,3,4,7,6,3,2,1,3,2,1,2,1,1,2,2,1,1,1,1,2,3,5,5,1,3,2,2,5,1,2,1,1,2,2,1,1,1,1,3,3,6,5,3,3,3,1,4,1,1,3,1,1,2,1,1,1,1,1,2,4,2,1,2,3,1,1,1,34.12229919,-117.7142944,-1
R_6tJvpXrZqYzpLQp,Default Response Set,Anonymous,,,134.173.78.1,0,4/28/2015 16:18,4/28/2015 16:44,1,FB062,2,1,3,1,2,2,3,1,1,2,1,3,4,6,6,2,2,1,2,2,1,2,1,1,2,2,1,1,1,1,2,3,5,5,3,2,2,2,5,1,2,1,1,2,2,1,1,1,1,2,3,5,5,1,3,3,1,5,1,1,2,1,1,2,1,1,1,1,1,2,4,2,1,2,2,1,2,1,34.12229919,-117.7142944,-1
R_bPEI6j9Jjs9N2qV,Default Response Set,Anonymous,,,134.173.78.1,0,4/28/2015 16:44,4/28/2015 18:06,1,FB063,1,4,1,3,1,1,1,2,2,1,1,1,1,3,1,3,1,1,1,1,1,1,5,1,1,1,1,1,1,1,1,1,4,1,1,2,2,2,4,2,1,1,1,2,1,1,1,2,1,2,2,3,1,1,3,3,1,4,1,1,2,1,1,1,1,1,1,1,1,2,4,1,1,2,3,2,1,1,34.12229919,-117.7142944,-1
R_5pqYsnsNuY2gXCl,Default Response Set,Anonymous,,,134.173.78.1,0,4/28/2015 18:17,4/28/2015 18:24,1,FB063,2,3,1,5,1,1,1,1,1,1,1,1,1,4,1,3,1,1,1,2,1,1,5,1,1,1,1,1,1,1,1,1,1,1,1,2,2,2,5,1,1,2,1,2,1,1,1,1,1,1,1,4,1,1,3,3,1,5,1,1,1,1,1,1,1,1,1,1,1,1,4,1,1,2,2,1,2,1,34.12229919,-117.7142944,-1
R_3WZnDc1vCDZUBzn,Default Response Set,Anonymous,,,134.173.78.1,0,4/28/2015 18:25,4/28/2015 19:35,1,FB064,1,1,1,1,1,4,1,1,1,3,1,3,3,4,3,3,2,1,2,1,1,1,1,1,3,1,1,1,2,1,2,2,5,3,1,2,1,2,4,1,1,1,1,4,1,1,1,4,1,4,3,5,3,3,3,3,1,4,1,1,1,1,3,1,1,1,1,1,2,2,5,3,1,2,3,1,1,1,34.12229919,-117.7142944,-1
R_dgtJHDDijB2Fw7H,Default Response Set,Anonymous,,,134.173.78.1,0,4/28/2015 19:43,4/28/2015 19:47,1,FB064,2,1,1,1,1,2,1,1,1,1,1,2,2,4,1,3,2,1,2,2,1,1,1,1,2,1,1,1,1,1,1,2,4,1,1,1,2,2,5,1,1,1,1,2,1,1,1,1,1,1,2,4,1,1,3,3,1,5,1,1,1,1,2,1,1,1,1,1,2,2,4,2,1,2,2,1,2,1,34.12229919,-117.7142944,-1
R_6PbRQBxQCuW2seN,Default Response Set,Anonymous,,,134.173.78.1,0,4/28/2015 19:49,4/29/2015 9:32,1,FB065,1,2,2,1,2,2,1,1,2,1,2,1,2,3,1,3,2,1,3,2,1,2,1,1,1,2,1,1,1,1,2,2,4,1,1,1,2,2,5,1,4,1,1,3,2,1,1,4,1,3,3,6,5,1,3,3,1,4,4,1,3,1,2,1,2,1,1,2,1,1,3,1,3,2,2,1,1,1,34.12229919,-117.7142944,-1
R_3myzGQDESXrwbCB,Default Response Set,Anonymous,,,134.173.78.1,0,4/29/2015 9:33,4/29/2015 9:52,1,FB065,2,1,2,2,2,1,1,1,2,1,2,2,2,4,1,3,2,1,2,2,1,2,1,1,1,2,1,1,1,1,2,2,4,1,3,1,2,2,5,1,3,1,1,3,3,1,1,3,1,3,3,6,5,1,3,3,1,4,3,1,3,1,1,1,3,2,1,2,1,1,2,1,1,2,2,1,1,1,34.12229919,-117.7142944,-1
R_5jdMoEuQMtg7LPn,Default Response Set,Anonymous,,,134.173.78.1,0,4/29/2015 10:43,4/29/2015 10:49,1,FB066,1,2,1,2,1,1,1,1,1,1,1,1,1,2,1,3,1,1,1,1,1,2,1,1,2,2,1,1,1,1,2,3,4,2,1,2,2,2,4,2,1,2,1,2,1,2,1,1,1,1,2,2,1,1,3,3,1,4,4,1,2,1,2,1,3,3,1,2,1,1,1,1,1,2,3,1,1,1,34.12229919,-117.7142944,-1
R_e5MFr5rM4ajMDWZ,Default Response Set,Anonymous,,,134.173.78.1,0,4/29/2015 10:49,4/29/2015 11:05,1,FB066,2,3,2,2,2,2,1,3,2,1,2,2,2,3,3,3,1,1,1,2,2,1,2,1,2,1,2,1,1,2,2,3,4,2,3,2,2,2,5,3,1,2,1,1,1,3,2,1,2,1,1,1,1,1,3,3,1,5,3,1,1,1,2,1,3,2,1,3,1,1,1,1,1,2,2,1,2,1,34.12229919,-117.7142944,-1
R_01kkV8kineidDx3,Default Response Set,Anonymous,,,134.173.78.1,0,4/29/2015 11:56,4/29/2015 12:02,1,FB067,1,2,2,2,2,2,2,1,2,1,1,2,2,4,1,3,2,1,3,1,2,2,2,2,2,2,1,1,1,1,2,2,3,1,2,3,2,2,5,2,2,2,1,2,2,1,1,2,1,2,3,4,2,1,3,3,1,4,2,2,2,2,2,2,1,1,1,1,2,2,4,1,1,2,1,1,1,1,34.12229919,-117.7142944,-1
R_4Jigbg3AGOSXF3L,Default Response Set,Anonymous,,,134.173.78.1,0,4/29/2015 12:02,4/29/2015 12:20,1,FB067,2,2,2,2,2,2,2,1,1,2,2,2,2,4,1,3,2,1,2,2,2,2,2,1,2,2,1,1,2,2,2,2,3,1,3,2,2,2,5,2,2,2,1,2,2,1,1,2,2,2,3,4,2,1,3,3,1,5,2,2,2,1,2,2,1,1,1,1,2,2,4,2,1,2,1,1,2,1,34.12229919,-117.7142944,-1
R_6zJ5SPMCtZTtLqB,Default Response Set,Anonymous,,,134.173.78.1,0,4/29/2015 12:33,4/29/2015 13:14,1,FB068,1,1,2,1,5,3,2,1,4,1,4,4,4,6,6,3,3,1,1,2,1,5,1,1,4,4,1,1,4,1,5,4,7,7,1,2,2,2,4,1,5,1,1,5,5,1,1,5,1,5,4,7,7,3,3,3,1,5,1,4,2,1,3,4,1,1,4,1,3,3,5,3,1,2,2,1,1,1,34.12229919,-117.7142944,-1
R_d1ljWIt88FSHsJn,Default Response Set,Anonymous,,,134.173.78.1,0,4/29/2015 13:24,4/29/2015 13:31,1,FB068,2,1,2,2,4,4,2,1,4,1,4,3,3,6,5,3,2,1,2,2,1,4,1,1,5,5,1,1,5,1,5,4,7,7,3,2,2,2,5,1,5,1,1,5,5,1,1,5,1,5,4,7,7,1,3,3,1,5,1,4,2,1,3,4,1,1,3,1,3,3,5,3,1,2,2,1,2,1,34.12229919,-117.7142944,-1
R_9zVkq7aIxsc1JFX,Default Response Set,Anonymous,,,134.173.78.1,0,4/29/2015 13:31,4/29/2015 17:45,1,FB069,1,2,2,2,3,4,2,3,3,2,2,2,3,3,2,3,1,1,2,2,2,2,2,1,3,2,1,1,1,1,3,3,4,2,2,1,1,1,4,3,3,2,2,3,2,1,1,3,1,3,4,5,5,3,3,3,1,4,3,2,2,1,3,2,3,1,1,2,1,2,4,2,1,2,1,1,1,1,34.12229919,-117.7142944,-1
R_3lnJjuXxwjF1VIx,Default Response Set,Anonymous,,,134.173.78.1,0,4/29/2015 17:45,4/29/2015 18:02,1,FB069,2,2,1,2,3,3,2,1,3,2,2,2,3,3,4,3,2,1,1,,2,2,2,2,3,2,1,1,2,1,3,3,4,4,3,2,2,2,5,2,3,1,1,3,3,1,1,3,1,3,4,5,6,1,3,3,1,5,2,2,3,1,2,1,2,1,1,2,1,2,3,3,1,2,2,1,,1,34.12229919,-117.7142944,-1
R_bdRzCnxkKgTs7FX,Default Response Set,Anonymous,,,134.173.78.1,0,4/29/2015 19:12,4/29/2015 19:18,1,FB070,1,2,3,3,1,3,2,2,3,1,2,1,2,4,2,1,2,3,3,1,1,4,1,1,3,4,1,1,4,1,4,3,6,6,1,2,2,2,5,2,1,2,1,2,2,2,1,2,1,1,2,3,1,3,2,3,1,4,1,3,2,1,3,3,1,1,3,1,2,3,6,6,3,2,3,2,1,1,34.12229919,-117.7142944,-1
R_6M6o0mqPvQ1keAR,Default Response Set,Anonymous,,,134.173.78.1,0,4/29/2015 19:18,4/29/2015 19:33,1,FB070,2,3,2,3,1,4,1,2,2,2,2,1,2,3,1,3,2,1,2,2,1,4,1,1,4,4,1,1,4,1,4,4,6,6,3,2,2,2,5,2,2,4,1,3,3,2,1,2,1,2,3,3,1,2,3,3,1,5,1,3,3,1,4,4,1,1,4,1,3,4,7,6,1,2,2,1,2,1,34.12229919,-117.7142944,-1
R_bDjMkBpAChcKDBj,Default Response Set,Anonymous,,,134.173.78.1,0,4/29/2015 19:41,4/29/2015 20:38,1,FB071,1,1,4,3,4,3,4,1,1,1,1,2,3,5,2,3,3,1,2,1,1,4,1,2,4,5,1,1,4,1,5,4,5,5,1,2,1,2,4,1,3,1,1,5,3,1,1,3,1,5,4,6,5,3,3,3,1,4,1,2,2,1,3,2,1,1,1,1,2,2,5,1,1,2,2,1,1,1,34.12229919,-117.7142944,-1
R_868lLqPejF8Xc3z,Default Response Set,Anonymous,,,134.173.78.1,0,4/29/2015 20:50,4/29/2015 20:55,1,FB071,2,1,3,1,2,4,3,1,1,2,1,3,3,6,3,3,3,1,2,2,1,3,1,2,4,4,1,1,4,1,5,4,5,5,3,2,2,2,5,1,4,2,1,4,4,1,1,4,1,5,4,5,5,3,3,3,1,5,1,1,2,1,2,1,1,1,1,1,2,2,6,1,1,2,2,1,2,1,34.12229919,-117.7142944,-1
R_cx2eFbRvmz1a0VD,Default Response Set,Anonymous,,,134.173.78.1,0,4/29/2015 20:56,4/29/2015 22:10,1,FB072,1,1,1,1,1,1,1,1,1,1,1,1,,4,2,3,2,,3,1,1,1,1,1,1,1,1,1,1,1,1,1,4,4,2,2,3,2,4,1,1,1,1,1,1,1,1,1,1,1,1,4,4,3,3,3,3,5,1,1,1,1,1,1,1,1,1,1,1,1,4,4,2,,1,2,1,1,34.12229919,-117.7142944,-1
R_9HQ89dXWfBrLu6h,Default Response Set,Anonymous,,,134.173.78.1,0,4/29/2015 22:10,4/29/2015 22:29,1,FB072,2,1,1,1,,1,1,1,1,1,1,1,1,4,4,3,1,1,2,2,1,1,1,1,1,1,1,1,1,1,1,1,4,4,1,2,2,2,5,1,1,1,1,1,1,1,1,1,1,1,1,1,1,1,3,3,1,5,1,1,1,1,1,1,1,1,1,1,1,1,1,4,3,1,2,1,2,1,34.12229919,-117.7142944,-1
R_1U4nCbrOTTKzn5r,Default Response Set,Anonymous,,,134.173.78.1,0,4/30/2015 17:16,4/30/2015 18:08,1,FB073,2,2,3,2,2,2,1,1,1,1,1,2,2,4,2,3,2,1,2,2,2,1,2,1,1,1,1,1,1,1,2,2,3,2,3,1,2,2,5,3,1,3,1,1,1,1,1,1,1,1,2,3,1,3,3,3,1,5,2,1,3,1,1,1,1,1,1,1,1,2,2,1,1,2,2,1,2,1,34.12229919,-117.7142944,-1
R_7NynpMO3AmISa1v,Default Response Set,Anonymous,,,134.173.78.1,0,4/30/2015 18:10,4/30/2015 18:21,1,FB073,1,1,1,3,1,1,1,1,1,1,1,1,2,4,2,3,2,1,2,2,2,1,1,1,1,1,1,1,1,1,1,2,2,1,3,2,2,2,5,3,1,2,1,1,1,1,1,1,1,1,2,2,1,3,3,3,1,5,3,1,2,1,1,1,1,1,1,1,1,1,2,1,1,2,2,1,2,1,34.12229919,-117.7142944,-1
R_6ybYQJG2y5kpxXL,Default Response Set,Anonymous,,,134.173.78.1,0,4/30/2015 19:18,4/30/2015 19:23,1,FB074,2,4,1,2,1,2,1,2,2,1,3,1,1,2,1,3,2,1,2,2,2,2,2,1,1,2,1,1,1,1,2,2,4,1,3,2,2,2,5,1,3,1,1,3,3,1,1,2,1,3,4,6,6,1,3,3,1,5,4,1,2,1,2,1,2,1,1,2,1,1,4,1,1,2,2,1,2,1,34.12229919,-117.7142944,-1
R_5pCxy8ZsFUKhJBj,Default Response Set,Anonymous,,,134.173.78.1,0,4/30/2015 19:30,4/30/2015 19:35,1,FB074,1,4,1,4,1,2,1,3,1,1,3,1,1,1,1,3,2,1,2,2,2,2,2,1,2,1,1,1,1,1,2,2,2,2,3,2,2,2,5,1,3,1,1,3,3,1,1,4,1,3,4,7,7,1,3,3,1,5,5,1,5,1,1,1,3,1,1,3,1,1,4,1,1,2,2,1,2,1,34.12229919,-117.7142944,-1
